"id","username","password","issue_date","customer","branch","issuer"
"1","168","6dpI5EuuJ2S9PsqdxnT7HKAkJExCeVsRbb1FmXKQYNjfGlhjvaO8Vw7OaNATeH30","1398-05-02","168","10","104"
"2","40","4YOWjFgd3MYGycZPz7nDyxE6JGNLN3puTFvLoaH0Imia0fZ2WtXlctAhkEmuKDKQ","1400-10-28","40","49","162"
"3","25","2cAiUOQMwu0kFETlgspMBQlCh74taXTF8jyrGLWuoUVpLkZxn2DGzHY5mztXa9gK","1392-01-27","25","68","157"
"4","107","b42LXyBflNEBS8ZWalCGP4TRuTbqt9OL6ri7KsJVZSYmupnOvEXFq1pUNzeJvh8D","1394-10-05","107","93","200"
"5","129","dtuWA6aKtqHy0DESRHiqm1py3CgwR4M2JfPcdnuzXvlVmMrwjF8UfjLi8B7UEs29","1397-09-09","129","40","185"
"6","43","bLd5GJhKQ1XgN0CH0PZ4ogH5pmmUr8ZJqIyTX2FlFeiMYuVNWSBSD4v79E97zuao","1393-08-01","43","97","195"
"7","154","qHIYki8nWVQo7xRcHW25fb2TV0dmTCqtaet8AJnLB0ygJBSrPM9jhPepZ4S5sKIa","1401-10-21","154","12","142"
"8","141","Z3PMq2Jt9bhA6NvUPd8LpX58VjmvOxorc3QaZ0nr0GfR1VDLTlE9KW4MNWpGEkug","1397-12-08","141","8","250"
"9","14","zbV65qh8W7WHpwwKLzorDSNpEP9C1tQI33R54rsa0hmsMHBuEDaodg9Tm1AGFNBv","1396-08-05","14","62","92"
"10","232","I7ph9cjBEKIvZLCF0uP91n1dZMMaNC3j5z7JEbusvtxqAwWekUOleqXRl8QRxzbY","1392-01-06","232","87","228"
"11","88","kmm9gBxG0LTC9Ra3Qul7wyl2iApey8vJHvr1cQ5nIZXYIwNfM5PEjNSH2DLz8hfX","1396-07-27","88","90","67"
"12","170","vudfcoiA3qVMNvP8c6rSZmOh0YMy1D92XAgBkw9RnwJULxtHazzeQjGBeJWpro46","1394-07-17","170","106","138"
"13","136","5GNXnqb9L07Y5BVpizajsTKDyOPqhtf6kjEshSxxCi1bkOLe6U08BQ2mNgPd92JM","1401-01-03","136","102","116"
"14","13","38qu6xAmrCQFMZWdDHQg2sZGjVScXi1WPPhy9aT6BEoENgz29cMffGrbmJLuLwqs","1400-03-25","13","21","134"
"15","28","cqaWo1TJwPXCdSsOBlKQ46iNMo3yRK5jjNWVgYxfOZXRd5pLL17ivIe0y2uek4wA","1396-05-23","28","39","62"
"16","105","gBetfiFv2SZeYcZ0pq1lAfmH6VD8aQCRsDzYi9xBysP53o4woNTGMMUKaF1E4OjV","1400-04-21","105","62","133"
"17","246","5xRPfAWZmwGSgnedJiTqFCYV3vuQptzijPE1llTsKyFuMO82ZfNUKwpa9SEBkH0B","1395-01-17","246","44","236"
"18","7","dOtA4xDXLYGaMlZjA3HWii6O21JfrUb3Vpee0mBwrIKNU6vPc81Z9u4EFyzDvSH7","1398-10-06","7","34","3"
"19","116","krkPltUQqSUH5xFlR6pY15CeOmBA6y2xuA9wMDv09gMm3nR7os4jJdKeVsaibi4X","1400-04-08","116","15","197"
"20","1","hAwL25G2j4ZfTuzan8eBQUxR0XbyQxqZBcPd4aCbkSlkt3SM15s7Oe8YOwmpgINv","1393-03-17","1","78","110"
"21","185","qTwABkZSKnrx0S62X3JaV1iUt0xgwFYMlJdcQ7iDbKPVAhOkHor9eLsf1PIMB5Rv","1396-06-13","185","6","132"
"22","211","yFxVaBhUZkvQ5MXJGqqrjl6szI6ujwC9A3eCpLNWuspcOgtEb8AdPiKVxSLm4irM","1393-04-04","211","26","144"
"23","46","bb8R1NQRmjEgUMn02etXL9TcEtZPTqpguyDNzwGBuQXLemrKCKWOVkU7awx4Vzo3","1399-12-17","46","56","104"
"24","123","ErAgAzjkLm5dRKFOoUbXf0ClHuNyemNiTDVv5FjaLyVsntROhB4QSTZobZ2ch2Y7","1392-12-16","123","96","4"
"25","85","cOYFZ8YgrzOAvjIXp4kRHqGnQXeW15BMS9DoafBwxF67EP8UZi3pshtDwaK0VC2J","1401-11-16","85","61","135"
"26","146","js3ablgJk0apqprXuFVt9KTYkexFSPSBewz1B5ICdPZ0M7NKO1RLhAqZY3EQbwHf","1392-02-28","146","97","158"
"27","169","mHq7xoFDa8OQfh5cEEaWiM1ShV2sGmCKqAzibyb0jQUlXnS58T4wdXWA6Tp0F9OJ","1392-09-08","169","10","191"
"28","227","FI8WTOLZR5oMQ6GXBaftzcAJS33GCPeECFsp7BevYk5qzr0DwkiDUjhN1aj9yWJL","1394-07-06","227","34","24"
"29","70","GwSqczitJAGIIpUQ1tJ8qsEoQF5NoFbBZnUTWypCiP8DNOdhzbgTA97rfgXYZ7h2","1396-03-08","70","71","32"
"30","122","gE6G7RpmkQyahdwlLXibl0cZzDIbtkBZpoYOcCajzOW0RPsjUVXE7y8263oNrm3s","1393-06-18","122","72","243"
"31","24","XeFx6PYi5dqoOsmcpaUl1H0vTbARX82KUZtE4o1Wv3TkpGwQVuqAJDxdJWOybZPz","1396-04-07","24","66","157"
"32","125","615rRqmbIwl7gvc0Hu2SGTzYWKBpV4zeL6fyfpPQNe2TJEh9DSGFKCndcNosxZFq","1397-11-26","125","6","64"
"33","201","rDMgernSKtAewVuj87J2yMHBiylfKCWZbnTh1Wj4hB0QRs9kF75RZH9zdp3UVGDa","1398-07-21","201","7","130"
"34","191","6ALT0iBZrWc29xsUSNgiCq12Dz1H4gYT3Vo478OGqKBmhtQDNMnkmXljpZEfXu0p","1394-01-04","191","10","134"
"35","84","5iqV498LTqlAPjsUOowzeI3uFXnOtEgdDwsy0eYdWrYioQJP7kT0CjQgW4xckLGu","1392-12-06","84","34","237"
"36","244","onjsnUKlZ9oufPc48NEpA0HeHRm3bFSqAkYaQvxhID17gLUEPDYMMByhyJmKXOSr","1392-04-02","244","88","99"
"37","64","zJv60S8lWSUqJRT24XyDn1PKCoVwihWbkkF3NLMjXrDvZPqewxsrVoEA63fe7RKt","1398-02-11","64","106","150"
"38","145","108YSpom4zh6dgIZxpCiDwKmc9OwxWtTbUM6AzEnGFLa2bkWBjTsaVQL7EZjJY95","1401-03-16","145","83","250"
"39","159","JGb4RrphKD3s7WSvyk4OU6nQmgzE9qM5PYDiCaXHhKSHtlI71PAGgpxc5ZWoaRe1","1394-07-03","159","50","113"
"40","161","Z9oi0GCtc2JvnuSdcqPxio5mzZvlKM7DUL6zQ1bhUl5u33Ff8VgpOPYjW1Hk8Byr","1393-12-27","161","92","108"
"41","69","oYJzYG2plsoLiSkr9IKViPB1cNac3Ke0jl4ZuUVOMhJhkULpgEGy0Tum5fvd1nXv","1394-04-26","69","71","13"
"42","15","GUBcBYqJv9VQwM1y0Hhzp5SjW2J7LQTLd4r9xWatmldRm8KFZoU0RubAzCqo3tSf","1392-03-03","15","26","37"
"43","138","joWhbJ1c6X8eHu1VKmkPgl0s9Zeta53SSDdLmG4o7ftEiEUgqLuwl5YHGVJDxPUy","1394-11-18","138","69","64"
"44","118","T3StPitXVDTxzESCpIaYx0l54noieAYWhnG28rd7CUhKDJsQMu98KoXgdUqy9cIk","1400-07-19","118","107","155"
"45","101","snpcSFuBv1icG2nTr8DlJ19wjhYUpA6MA5ElyWRJFUXISNQNCHwLk80TYiLKzebr","1400-05-24","101","31","228"
"46","21","eRmP4B1QLngqHv5O7qdEw8uhH1vkitaJOrUQklXGbYV2zFPY4R0ZTiArjNp9MSxl","1395-06-10","21","106","218"
"47","126","9lnYbMHKlb3U64zN1uuVQvnXLHoAx2E6qipLSa1yIf58kBidtUSgmcF05C3yzIFA","1396-12-23","126","9","52"
"48","158","4P3o8HNstXGC6E8yarB5TF19MUGz0IIecmLNVHVBb1gvOmnX6lu9YaD75zdrffOD","1398-07-02","158","32","61"
"49","213","9MCqHkFKcsLrW8xgi69wGA2npvuXcZefnv3HRP74OTBZYsukSUWzRDteatlDF3ah","1396-09-25","213","9","95"
"50","8","ibxXk9FOBMjGcFpa3KJPNRby17Y8riDAWnjRv5ZQ4wDHTul7eCI51hgmzftoTndw","1401-01-05","8","108","57"
"51","189","dSn9gwYVAqsP751gp4WDopKM7kh0ai6NI52mSrjvaXKZ8q0jeRQVCEkTlbRu3hcQ","1395-02-07","189","36","182"
"52","48","X4DoIc29LgghIHvd3xe6hvRj7MUwW9XzGJW2BqNw4FGVcRaPJo0zkTUblx5ZAfpu","1398-08-11","48","68","180"
"53","35","rDnCOzqxWLNZY5KAEwlrSf2epgWQQcDidkpCh1GlbJj4MV065JMHBuPtcPHTtvLU","1399-09-24","35","90","202"
"54","165","aCYwFhcH6nQp0ozADmn3tiwNxhp6JzDVv81kyNSTjMMAfUI04EFX8Rd4ci7aB7be","1400-05-04","165","97","13"
"55","249","e7sZEFD8R5Xlzblgqb15BnhsKcA4xOMwmeSXVdMny9JHrGmC6pGp0Tx0wNUoFLNg","1399-03-25","249","71","28"
"56","224","x4tG0dNUtSMI5BsanRmUr6kvWQj3pg8eJXrdqZNaHmuTIcyFBEOCiHhTbMcYh6YP","1395-03-03","224","54","199"
"57","199","PR9l2d5kIrSAT4RbtFWrYbOqhysMH96p7eDGnA0ZfswnBD8mXUPg3iKV8hFCaK1x","1398-04-03","199","14","176"
"58","9","FhUPKY0Od60TkvmIE34Vdr9tlUrRJNjPyOyX3DAWMqGaGo1C8Sqa69HzgC4ig5eS","1392-04-05","9","61","29"
"59","41","XtBILbkwiDOFN06f2jKz8qsYcxmoxr5gfGXzpFQv1IbSL3eo8GU7UCa09JWTui6Y","1396-01-24","41","103","201"
"60","39","qKVPBVjRyu6sY8Z5U4t3mXDh3CYzkDO8c0O1euJoEQsfHFMtiTAGevKq5hWwRCEi","1400-04-10","39","34","68"
"61","142","4ABgoraJPMMzQbTqlnNTurKZl6WgUV7qifFjxCyOuUsN670DmiyQ9D59I3e1Y5SE","1399-09-15","142","76","191"
"62","160","kOTrWdBDHmwN0U7SPaxMtLikFfQjl83QNecXGqez2cVsph8uL759X4KbxGbRSmta","1394-06-25","160","24","189"
"63","61","tWNgOsoRvQTeqpCGj39HZCtbMWI1KHJniFNr98mV0zSXKQ0Ur5Vmnb5fxlyDJeBk","1397-05-01","61","73","105"
"64","104","LdkrIGzZwBmaS1QJK4I1Y0cqFldRSpflcMPUWbPDoxrZn7NwHGj98Ryvg46Y3Csi","1399-02-05","104","56","80"
"65","182","E0dGgz1r48C3iQmq96A6oJRnpt7hRPLXa9lndBM2ZVN4WiOxYU7Ip3jCu0F8DmTy","1399-11-09","182","79","27"
"66","220","NhFpDaXgZ8zk7OeC8jOG1fBLAeRbrAMc3TSGPEXBPDK2w4xtUQUfgQJlsEjzW6ZK","1397-06-25","220","82","217"
"67","203","iDvYotTMAFx4JzN3wZR8HEey0hIUZdkpt2ClsG3rQmFO51joDqwVRjXPumPWc89L","1395-02-05","203","51","172"
"68","74","url7DtRhkH4TcqUHFSJCgU5V9JOlXoD8WLB7xwxQ0VdMm2rAuMKhKiNo1fZP1e9s","1397-06-20","74","95","179"
"69","124","OpQx3FjESttZa7JmPNbiJGlen8lWdcanrk5RVmDhFGh5kwxouSMVYg0ZbY21oLfi","1393-09-28","124","91","216"
"70","50","ZsA7ni2geaPpr685lIFHGZmQkFVKbUqhHdnAxSfVMqIG3JKofyjtL4hXrEjzy9Qu","1400-12-15","50","99","48"
"71","57","sseunJgTZCFkA8Lv6ubXcvXO9QrhUeR4FBBioxlIKjJQrWc9Lq0RSozE53kSit84","1395-02-12","57","75","115"
"72","250","jHFETj6z5cqRAW8nd5keCle9LRbI1Qgr7gTucnOIGPkCKo34zpwYdrZlvtL234Ni","1401-02-20","250","59","99"
"73","190","eqqNzvgypjN2o5ZL8nSa4E2FCn8swYllrIOykguKj3CbTLQGfrOao0heGbFVBkmv","1396-10-07","190","1","189"
"74","34","FXh2EdZ3LKVgBZFhaRb7B1j4xeqfX8p1NCHsso9bmIzIxGR5WQSQnugtz9Jo6Tqr","1394-04-19","34","48","128"
"75","55","zApF9OKfxnsiOSlbYaGrc5dWi1mhPjv6Woe0eqPXw5Zv4Tm2CRgq6LDQTUG8wgUA","1394-07-09","55","48","66"
"76","42","dUc3A7X2j9YSruOLFkQwp7V5UOEmgPWh0pdtAWTsEH5NfX6inieVCFlxMJ2b13j4","1394-10-08","42","28","233"
"77","96","9mMmOZRznsKlfJyGQ0WCxECgRttsYqk9duvUD2b058nZHF1H18wPIeWxhM4ueXkA","1399-03-15","96","99","70"
"78","87","rYl9KSCPAmdkXBx5cZWTnREapcONdq83FUwnPIqbMDBYAOR3twDjv1F0mjSCkhu4","1392-09-25","87","55","87"
"79","110","pv2hjWnp9hdXS7QeZgD5AGOYTo8jRfzLk1wInE3VQqT7F2ZEFUmD9sztxiXAPl6P","1401-02-04","110","56","162"
"80","193","RNXqPFCb3E8n4V3d01gasJpawp4PmmCqOjM7ox9uS5whUd5J7L1QruRYWDDglozT","1396-01-01","193","55","59"
"81","195","nN7tN2zcMBvYzmrIj86RDAM7vaT5Jj4l9WSSPXVUF52y4TLwWGwBHgehCHCtR1OZ","1400-10-24","195","42","58"
"82","100","U9OCDk6GlRvMRrJoidrFK4TgHIVL0ScmmNEqAcHhxfbdNw5iyDa1WUXJ7ubPE7e8","1399-11-06","100","25","118"
"83","156","t7zxEXjRfsXqg23TJylLIMb1u3snphGaxLUvKbyIDN06HVGfkAdOFSgvPticMwW5","1394-03-21","156","1","69"
"84","111","YfOXqu79D8V53RRrFKrbfbNcmDByS5jnZCh0zodpT1eUHwj6nFiwGxaXG7dupW4e","1393-05-02","111","89","5"
"85","245","jeluBFDi7RzPj8aP31gwdWLJybq607GNyCuArIZp5tsQgc2FqhEMd3oklpiHsU9c","1394-01-25","245","9","30"
"86","157","DQ3orHfWxEvarB4Xc2NgGxpdw9nFgSpKA8FM4jUyRt1GlBqnsJJmkhhbT6CVocdQ","1400-11-09","157","110","37"
"87","6","UEAJ7QZlOzapQRihgFjosUevklGhmdFinwMoSv09t0B3Yx6cK7WVI8rLwu8Va5xq","1399-11-24","6","92","245"
"88","131","RVwgZKB5kCiM2K7UVflDvocn6dkrsem0tIRnAFxuA2pTXirE8wD5oh1zjH1a3HxG","1393-03-25","131","72","219"
"89","76","Ib0UkFjz6LBQAnm7xesyFpJAZ3Ja1K9mGOkwziH8DpoYYSNXCbf4wfX1U2Gl9Pqe","1398-10-25","76","58","87"
"90","33","PvKRUfZTm4NI6OixcsLguM2B3G1YaCthe8C9w450nL1iHj5R2QrzkWvBSlJsYzEy","1399-10-16","33","40","25"
"91","176","YR6zVkdNFiQnTliGOqyqytcbr3YEg7rFGe29BssDXL1mjZlPg9CfLhwfVMTQHkjD","1398-06-12","176","18","115"
"92","89","zOLNgLcEPRJeUsAk6W0iUiR8yChus1o7MZr1ynjfdtFDl6aaKHZVPuNnQ9olzEFj","1393-09-23","89","24","56"
"93","106","gipvYAGqpZze2rJIPWdO3Z8kaD0culUXovaxAV68KCSbPTIhN7wxRwnQyf5EE4n1","1401-09-17","106","65","23"
"94","36","8leMMquGafgX9X1cxYLGzsRjrvF4moBd5U73CL5K9iq80Pi4oyZYDkKWfwQ0Q3eA","1397-08-09","36","51","40"
"95","212","6uVQK3j8ffwzd0dUhxGZQTNErailUSqGvJ5DJ0vaCjCFbL8nHV2ymeco7IObwWhl","1400-12-13","212","87","199"
"96","109","0v24ieNOQMkfzlbdGu5Pc7haqUJit0Mu4K9hWfLyTZmOKEQo3xAjqPpHgnkgGaDW","1398-07-14","109","43","226"
"97","172","6wedgD7ljcye2isBPIEQOkAUNtMI9h0SBMyfXuZbGSHZKCVlv5mHVYcF7uP9UrOo","1394-11-07","172","16","193"
"98","117","Jq2GUFr7hscLl8SR8tVIPzj4iPbBBpTZaUMOqnCeMoVmdK9vkTwX5fK5NimXloQk","1392-09-11","117","99","161"
"99","45","qHQFhGGv6f24xuJ9eJxZDICtWH0BNiYwgSSryV62K7t31TEzcPEq3myARQkZU0j5","1401-04-10","45","42","74"
"100","219","Gzndu7F4f7J3HMUTC60BybdDKLUZ3O1Nl1rFVp8WZoc8INxE9MOpGztncP5ytXgo","1393-06-04","219","62","73"
"101","214","2CQ8pPr13lMpYDu5tWlZRXHgNw68EqcBhSQV3KVHbsI40guYGodBe10mFPOIMO4m","1394-08-09","214","74","228"
"102","60","L8DgCoDfUI0gJ06lyuBjf6CaunEz4mxW7WBioKbt2KekOnZTGvAlwxvHsi3L1c1F","1398-01-02","60","73","26"
"103","4","V4YK58dg6eoqcvHnplI1YDUCj9JxWbqkj5B20GAf0PWNPisALRRwrkxE7HQJLMed","1397-10-19","4","5","141"
"104","86","3Ab1GLczR8pe6Xv2ndsZa8SVml9CfBU6XrqokunBiTSIEJLEx0IU24GrCxKP4zfN","1396-08-14","86","39","21"
"105","236","dHFD6b1LKks30hIN7jyptB88vYgOaWhAKxRO4ou3dcXfmpqoJegwwAjP7H5k6UMv","1401-08-15","236","44","149"
"106","222","sgXBoCPFZk14eawhL1T7dEiv8NpO0prJyHzvnOE63UQuqDfSWYm6ckUi8N7RjSxu","1401-01-08","222","61","21"
"107","167","5WtN915XzXFVHwZbE23JtKln4sdc3iNDuLP7lRorOQagpYEnf0Sqi68ULDyug9kc","1393-11-20","167","39","56"
"108","12","De76qANXupdP8vGFBlgZQR05TKcysdjfoYEot1kfnzUjy5CUIkV1b28XMxqOGO4x","1393-12-08","12","36","248"
"109","121","801TJIiCFh6UanBtseMDVIeTyXY4Z3xC6QAtfwiOu5WNFGRzVzm2ApNSWqPqojdG","1395-06-26","121","4","120"
"110","30","bUE2SNIDJLGAxqHlvbeTfVgirtfCcilR4McJB9paZXrvTAt0un6GdWR7p2w10gho","1396-12-27","30","52","224"
"111","75","5EFxSvkWBPaIgUwsX6ARGKeTJt2SQsQLlLd609bC4qjZN1EutdxFjimmzePfzk1N","1398-08-13","75","103","193"
"112","27","G71PMd3ShUChq0KuEVZREoQcZNSnCqDmyDlWOs8fMRN4jfowyFBB4itwrXeAbGOu","1399-08-24","27","78","176"
"113","114","W8rVo0qDTZ2lPC3G11RnMgqsGxdnYc6rAoAzBkN9mtcjsFgt7QF5Eafm6SOp9IjQ","1392-11-06","114","96","162"
"114","241","gNknpBRiA85K7CbRdqUjJf4G3SnmGQv4dV5OoA016mgSDt2YoCwDFHFstXMVeeT6","1401-10-24","241","5","59"
"115","47","aiO5zEeill1Hsurepr47o0s2Tvuhcd8fyFpDXS5YjELPLVG2CM6fAFtJ4jmNOW7k","1401-08-27","47","108","121"
"116","26","MUvdyihC6kLVTVAxYQasamHPrulz4oNoZE1ScIN2itcW9Xqw9S5KkyeFRqp0ZpTY","1401-09-21","26","97","24"
"117","233","E6HeZfxAJEaV4DA84nygTaZpWhFPHksnqdldtMX1jypmSw5OO90XL7u6ovVNixSC","1397-04-28","233","15","250"
"118","183","3lLBvwcRE9fpLgK8xITHyUaxDk3r10lIYpEP5dg7Fbde5miaHYJU1Z29jJ7rqQZs","1400-12-01","183","100","178"
"119","119","K2PvNZyssIjMC0FGavkeS41iR7wPYqBe6BVTJbyQoHWduUwRnjuaxMXhKiYQ2Xq9","1393-08-03","119","91","181"
"120","32","5mYW3XLwpTqyvfSBTCE7iIbze5eqI7njLJ0GpFZY2oBN9WQcblVC34Fkn8gRk9Hu","1393-07-16","32","64","125"
"121","248","T0Mu8KycImdVc7Dhv3VO6XfLK7tsJqhfs490Eaw95yleXdbCnHkRGmWpTzFO8vM2","1398-01-06","248","54","23"
"122","98","bp6lW9MCnJHm8jleYS2ucMvrfNt105vInLQmUG9P672baN074jOdswhxRJDQw3B4","1398-07-23","98","105","164"
"123","67","6lRrlKOQ02XjByZFIk0k1tKMUVQTn3RovV9PscN1yMUnxYcGWEaIda5ZmD7ie4Y3","1395-07-03","67","26","206"
"124","187","M81SXN8CQ1sjBnPsqdUTm0bkoRgtlOuhIlE0Wi2aXQAyDFHLxKcS7kU9E3oJRgVz","1398-09-08","187","1","240"
"125","53","IsnJGMfQT3eMezWK5iN4jfHmL2G11SoRpYPdq9ZyCxBOmPa0gWpFsQoSC3FED872","1398-01-10","53","24","198"
"126","94","V9hg83s9eEBKBgFmqFnwl60OJtZluIrx74k2a4vGUY5T7D1PtQCMfTALEwdQzDCO","1401-12-11","94","84","170"
"127","108","SJMIOEzGltKz7v9slbXQNYQUnFSj9Hfjg4501IbGK1ABe7wkeop8UCv4XWcFZiqB","1392-08-13","108","4","64"
"128","11","tivvckwSoX7VjL9H7cJCfeGdU4u1OsflG4gKwH8Xg96LE3xSMQ0NQIJPUVIzaDFr","1396-07-23","11","48","217"
"129","179","EHR2crBiUPm1YKFFfadG6HohPnVx3v8g7v7a0CyZOw4VMbg4lOzjkLNuAMDTUpWf","1399-09-22","179","50","57"
"130","5","vysSdnNlOg4u3qoGyeV2p0hjLo9Fqkl75JRTCCNcmbwHI4BWVK2WcJ8wuESzDr5i","1398-11-10","5","78","96"
"131","194","s1jPvkI6d4NA3VgWGBiz9VPtrZCfDEhWKwHTk0Jxe7qfws2dum20Sq7nODCmx8UA","1401-05-11","194","22","65"
"132","3","E3f5KxrHb7XIIW6LDBZnfTlFMAwOpN8MFmNkGvQg1e3TGmlSR5hngVtCLXbdODd7","1396-10-21","3","1","187"
"133","239","YSApv50bPv5V87uEBm3sRnYI6cn1DO9WFEgr4GdwUlmXowpNq2QjQNZMdlJTKCbs","1393-10-25","239","7","39"
"134","72","rinoBuEOknJ5c6F8Pjams5vAgwTN4H8ZklWyDHOQwD7FSBWp9LeqTUxUC3QzEVLb","1399-10-27","72","4","220"
"135","184","eir9auDYBUxgK28sCMrDVm8b3uLjvRASEIBUlCo9y7WOj3qn7cV1eH4lSQ5W6xbG","1398-07-06","184","106","4"
"136","139","hYa0RzivMdDCJotcSAkj42OoKFwTWHPBeHgysNcrM5iQZDnYKN5ndkr7J1GsbpgI","1399-03-26","139","31","56"
"137","204","MJXwZQAhpSBqRsTWIVF80DknZTOuC1JxvpQGOsqbHu9KMbWwAXr530B6tn8aGFRU","1400-01-08","204","104","213"
"138","221","wlBh6ZCY7R2Uu1pFveSHSIXJuK4mFU0erCDqtnvsjPXmMPrLVbG2xfbNWpdY5kT5","1401-04-16","221","108","95"
"139","58","SROUwKBvHX7cdy54MLHlAkfLnIhnYEso2eJFy6TZpG9PDqtbmKIRgA8qoTX1fUWV","1400-11-19","58","1","2"
"140","83","mBqWudtkPxqImDn4VE8iO2TYl0MoaH2665ZQwr3Ib9n9SRjrigykeTozFOsUC1Nv","1398-03-18","83","85","122"
"141","92","Gl2syQXUxlwz1t0f27MxtpeNghHa76AE4MmnrdkcKRkuOWDdjYNQLWfmawTgbjDA","1401-11-02","92","50","235"
"142","243","cAPlLOkaWXf5MYetpUMN1kEzHx5TDqHis6j8fbG2yXi7s9wj1FOCaRKGKJnEQdDI","1398-06-22","243","87","105"
"143","59","Ap3PIBugUNx47fidGan2TrlMBIoYJWCkNfJkpjz5O342Vb1SvZe980ZQSKa8dv9U","1393-06-18","59","109","182"
"144","132","E97Ocwmn7lBAcGDIyyFrC46javKqodu4kAVfvmM1Q9WFnBY356R0LRhQTEJJl5Uq","1401-03-16","132","94","230"
"145","226","zJl5cf1FGJya9Ipnks2OVRwZTLjeChDCoEYtNHYQjNLSp7KOeHQI5uS4muXAZPt4","1398-04-15","226","12","237"
"146","166","3jqaylzD2IYAstxprlOBfkNG5jUChKikzxtFg0payuFTWvA8bVcduX63HqKM7JdJ","1395-04-27","166","15","22"
"147","231","LxlEQlSBi443HBRhjsYeoIJa79RCubvwFiG2M1XzauEsdDHV6Ugm9TA1gVdNnmfK","1399-04-16","231","18","75"
"148","22","3zqxvmjKSRSxutGn5vNslUwDXEeFLglAINOoknUrj42W6rMM88He3s6aQu4bFc1W","1401-04-20","22","74","186"
"149","196","kTtLPEwF5J3vyW43zR288EtIuxRonViZrnlgbXcgYje1YVAfBwWOrx97FNjNKHKC","1394-09-15","196","27","194"
"150","56","UhWEBXVxa7tXv2Ocom2LFtQJVMGiKY1PARk7njlgOl4HwqFJ3Irmd8NuWZco8kT9","1396-05-02","56","5","166"
